-- Seed: difficulties
INSERT IGNORE INTO difficulties (id, name) VALUES (1, '하'), (2, '중'), (3, '상');

-- Seed: purposes
INSERT IGNORE INTO purposes (id, name) VALUES (1,'가정식')(2, '속세의맛'), (3, '다이어트'), (4, '건강식'), (5, '술안주');

-- Seed: cuisines
INSERT IGNORE INTO cuisines (id, name) VALUES (1, '상관없음'), (2, '한식'), (3, '일식'), (4, '중식'), (5, '양식'), (6, '동남아');

-- Seed: dummy test user (will be ignored if already exists)
INSERT IGNORE INTO users (id, email, password, nickname) VALUES (1, 'test@dailytable.com', '$2a$10$dummyHashedPasswordForTestUser000000000000000', '테스트셰프');

-- Seed: common ingredient aliases
INSERT IGNORE INTO ingredient_aliases (alias_name, normalized_name) VALUES
('파', '대파'), ('대파', '대파'), ('쪽파', '쪽파'),
('양파', '양파'), ('마늘', '마늘'), ('생강', '생강'),
('고추', '고추'), ('청양고추', '청양고추'), ('홍고추', '홍고추'),
('감자', '감자'), ('고구마', '고구마'), ('당근', '당근'),
('배추', '배추'), ('김치', '김치'), ('무', '무'),
('시금치', '시금치'), ('콩나물', '콩나물'), ('숙주', '숙주나물'),
('두부', '두부'), ('계란', '계란'), ('달걀', '계란'),
('소고기', '소고기'), ('돼지고기', '돼지고기'), ('닭고기', '닭고기'),
('새우', '새우'), ('오징어', '오징어'), ('참치', '참치'),
('밥', '밥'), ('쌀', '쌀'), ('라면', '라면'),
('간장', '간장'), ('된장', '된장'), ('고추장', '고추장'),
('소금', '소금'), ('설탕', '설탕'), ('식초', '식초'),
('참기름', '참기름'), ('들기름', '들기름'), ('올리브오일', '올리브오일'),
('후추', '후추'), ('깨', '참깨'), ('참깨', '참깨'),
('버터', '버터'), ('치즈', '치즈'), ('우유', '우유'),
('밀가루', '밀가루'), ('빵가루', '빵가루'), ('전분', '전분'),
('토마토', '토마토'), ('양배추', '양배추'), ('브로콜리', '브로콜리'),
('피망', '피망'), ('파프리카', '파프리카'), ('애호박', '애호박'),
('버섯', '버섯'), ('팽이버섯', '팽이버섯'), ('새송이버섯', '새송이버섯'),
('garlic', '마늘'), ('onion', '양파'), ('egg', '계란'),
('chicken', '닭고기'), ('beef', '소고기'), ('pork', '돼지고기'),
('rice', '밥'), ('tofu', '두부'), ('potato', '감자'),
('carrot', '당근'), ('tomato', '토마토'), ('butter', '버터');

-- Seed: master ingredients
INSERT IGNORE INTO ingredients (normalized_name) VALUES
('대파'), ('쪽파'), ('양파'), ('마늘'), ('생강'),
('고추'), ('청양고추'), ('홍고추'), ('감자'), ('고구마'),
('당근'), ('배추'), ('김치'), ('무'), ('시금치'),
('콩나물'), ('숙주나물'), ('두부'), ('계란'), ('소고기'),
('돼지고기'), ('닭고기'), ('새우'), ('오징어'), ('참치'),
('밥'), ('쌀'), ('라면'), ('간장'), ('된장'),
('고추장'), ('소금'), ('설탕'), ('식초'), ('참기름'),
('들기름'), ('올리브오일'), ('후추'), ('참깨'), ('버터'),
('치즈'), ('우유'), ('밀가루'), ('빵가루'), ('전분'),
('토마토'), ('양배추'), ('브로콜리'), ('피망'), ('파프리카'),
('애호박'), ('버섯'), ('팽이버섯'), ('새송이버섯');
